FI,PRIS,IVG,IVGN_1,IVGME,IVG1214,CONV,IMG,rs,stj,stjr,cat,catr,dep,Annee
010000024,1.0,513.0,517.0,356.0,30.0,,17.0,CH DE FLEYRIAT,13,1,355,PUB2,01,2023
010000032,1.0,87.0,97.0,48.0,3.0,2.0,0.0,CH BUGEY SUD,13,1,355,PUB2,01,2023
010000065,1.0,73.0,,73.0,0.0,,0.0,CH DE TREVOUX - MONTPENSIER,13,1,355,PUB2,01,2023
010005239,1.0,117.0,126.0,105.0,1.0,,0.0,CH DU HAUT BUGEY - GEOVREISSET,14,1,355,PUB2,01,2023
020000162,1.0,421.0,425.0,326.0,33.0,1.0,11.0,CH SAINT-QUENTIN,13,1,355,PUB2,02,2023
020000394,1.0,343.0,253.0,257.0,12.0,,7.0,CH LAON,13,1,355,PUB2,02,2023
020000519,1.0,323.0,269.0,267.0,20.0,3.0,5.0,CH SOISSONS,13,1,355,PUB2,02,2023
020000535,1.0,204.0,243.0,129.0,8.0,,0.0,CH CHAUNY,13,1,355,PUB2,02,2023
020001061,1.0,297.0,248.0,161.0,12.0,1.0,2.0,CH CHÂTEAU-THIERRY,13,1,355,PUB2,02,2023
030000061,1.0,220.0,212.0,168.0,7.0,1.0,5.0,CH DE MOULINS,13,1,355,PUB2,03,2023
030000079,1.0,292.0,245.0,220.0,20.0,,8.0,CH DE MONTLUCON,13,1,355,PUB2,03,2023
030000087,1.0,87.0,152.0,40.0,11.0,4.0,3.0,CH JACQUES LACARIN VICHY,13,1,355,PUB2,03,2023
030781116,1.0,1.0,2.0,0.0,0.0,0.0,1.0,HOPITAL PRIVE SAINT-FRANCOIS,95,2,365,PLU4,03,2023
040000093,1.0,155.0,135.0,133.0,2.0,,2.0,CHI DE MANOSQUE LOUIS RAFFALLI,14,1,355,PUB2,04,2023
040000911,1.0,102.0,138.0,65.0,1.0,,4.0,CENTRE HOSPITALIER DE DIGNE LES BAINS,13,1,355,PUB2,04,2023
050000231,1.0,97.0,107.0,68.0,7.0,,1.0,CH DES ESCARTONS DE BRIANCON,13,1,355,PUB2,05,2023
050000256,1.0,0.0,,0.0,0.0,,0.0,CENTRE HOSPITALIER D'EMBRUN,13,1,355,PUB2,05,2023
050000348,1.0,113.0,119.0,13.0,16.0,,12.0,CHI DES ALPES DU SUD SITE DE GAP,14,1,355,PUB2,05,2023
060000478,1.0,297.0,322.0,234.0,19.0,24.0,29.0,CENTRE HOSPITALIER DE GRASSE,13,1,355,PUB2,06,2023
060000510,1.0,381.0,383.0,286.0,30.0,4.0,9.0,CH D'ANTIBES JUAN LES PINS,13,1,355,PUB2,06,2023
060000544,1.0,298.0,303.0,188.0,38.0,13.0,22.0,CH DE CANNES SIMONE VEIL,13,1,355,PUB2,06,2023
060002102,1.0,124.0,109.0,108.0,,0.0,7.0,CH LA PALMOSA DE MENTON,13,1,355,PUB2,06,2023
060021417,1.0,11.0,4.0,0.0,0.0,0.0,1.0,HOPITAL PRIVE CANNES OXFORD,95,2,365,PLU4,06,2023
060780517,1.0,83.0,54.0,45.0,0.0,,1.0,POLYCLINIQUE SAINT JEAN,73,2,365,PLU4,06,2023
060780590,1.0,33.0,33.0,0.0,0.0,0.0,0.0,CLINIQUE DU PALAIS,95,2,128,PLU4,06,2023
060780756,1.0,62.0,70.0,0.0,5.0,,6.0,POLYCLINIQUE SANTA MARIA,73,2,365,PLU4,06,2023
060781200,1.0,5.0,55.0,,5.0,,0.0,CLINIQUE SAINT ANTOINE KANTYS CENTRE,95,2,128,PLU4,06,2023
060789195,1.0,785.0,872.0,278.0,155.0,70.0,98.0,CHU DE NICE HOPITAL DE L'ARCHET,15,1,101,PUB1,06,2023
070000013,1.0,55.0,55.0,53.0,0.0,,1.0,CH DE PRIVAS ARDECHE,14,1,355,PUB2,07,2023
070000179,1.0,177.0,169.0,161.0,1.0,,4.0,CH ARDECHE NORD,13,1,355,PUB2,07,2023
070000609,1.0,288.0,266.0,208.0,16.0,,6.0,CH ARDECHE MERIDIONALE - AUBENAS,14,1,355,PUB2,07,2023
080000110,1.0,30.0,115.0,27.0,1.0,,0.0,CENTRE HOSPITALIER DE SEDAN,14,1,355,PUB2,08,2023
080000219,1.0,70.0,63.0,62.0,3.0,0.0,0.0,CENTRE HOSPITALIER DE RETHEL,14,1,355,PUB2,08,2023
080000425,1.0,251.0,183.0,179.0,36.0,,14.0,CH CHARLEVILLE - HOPITAL MANCHESTER,14,1,355,PUB2,08,2023
090000175,1.0,369.0,389.0,266.0,6.0,,3.0,CHIVA SITE ST JEAN DE VERGES,14,1,355,PUB2,09,2023
090000183,1.0,96.0,95.0,82.0,1.0,,1.0,CH ARIEGE COUSERANS SITE ST LIZIER,11,1,355,PUB2,09,2023
100000090,1.0,726.0,714.0,503.0,58.0,,15.0,CENTRE HOSPITALIER DE TROYES,13,1,355,PUB2,10,2023
100000199,1.0,121.0,147.0,79.0,6.0,,0.0,CENTRE HOSPITALIER DE ROMILLY/SEINE,14,1,355,PUB2,10,2023
100010818,1.0,6.0,10.0,3.0,0.0,,0.0,GCS HOPITAL PRIVE DE L'AUBE SITE CLQ,89,3,697,PNL10,10,2023
110000023,1.0,460.0,416.0,320.0,40.0,13.0,9.0,CH CARCASSONNE,13,1,355,PUB2,11,2023
110000049,1.0,32.0,31.0,32.0,,,0.0,CH JP CASSABEL CASTELNAUDARY,13,1,355,PUB2,11,2023
110000056,1.0,418.0,459.0,315.0,30.0,0.0,7.0,CH NARBONNE,13,1,355,PUB2,11,2023
110780483,1.0,29.0,51.0,22.0,17.0,,1.0,POLYCL MONTREAL CARCASSONNE,95,2,365,PLU4,11,2023
120000039,1.0,320.0,318.0,237.0,16.0,,4.0,CH DE RODEZ HOPITAL JACQUES PUEL,13,1,355,PUB2,12,2023
120000054,1.0,119.0,121.0,88.0,3.0,,0.0,CH VILLEFRANCHE SITE CHARTREUSE,13,1,355,PUB2,12,2023
120004569,1.0,74.0,104.0,64.0,2.0,,1.0,CH MILLAU,13,1,355,PUB2,12,2023
120004668,1.0,28.0,28.0,25.0,0.0,,0.0,CH EMILE BOREL ST AFFRIQUE,13,1,355,PUB2,12,2023
130000409,1.0,779.0,807.0,455.0,64.0,7.0,16.0,CHI SITE D'AIX EN PROVENCE,14,1,355,PUB2,13,2023
130000565,1.0,334.0,342.0,244.0,13.0,17.0,7.0,CENTRE HOSPITALIER GENERAL D'AUBAGNE,13,1,355,PUB2,13,2023
130001225,1.0,322.0,323.0,212.0,18.0,,1.0,HOPITAL DU PAYS SALONAIS,13,1,355,PUB2,13,2023
130002215,1.0,348.0,354.0,272.0,13.0,,5.0,CENTRE HOSPITALIER GENERAL LA CIOTAT,13,1,355,PUB2,13,2023
130002827,1.0,142.0,217.0,101.0,3.0,,1.0,CH JOSEPH IMBERT D'ARLES,13,1,355,PUB2,13,2023
130002835,1.0,710.0,602.0,497.0,32.0,5.0,7.0,CH DE MARTIGUES HOPITAL DES RAYETTES,13,1,355,PUB2,13,2023
130008253,1.0,40.0,85.0,6.0,1.0,,0.0,CLINIQUE DE VITROLLES,95,2,122,PLU4,13,2023
130780521,1.0,761.0,640.0,505.0,61.0,,71.0,APHM HOPITAL NORD,15,1,101,PUB1,13,2023
130781479,1.0,8.0,4.0,0.0,1.0,,0.0,HOPITAL PRIVE LA CASAMANCE,73,2,365,PLU4,13,2023
130783236,1.0,2282.0,2462.0,1285.0,176.0,,93.0,APHM HOPITAL DE LA CONCEPTION,15,1,101,PUB1,13,2023
130783327,1.0,74.0,51.0,52.0,2.0,,2.0,CLINIQUE BOUCHARD,95,2,365,PLU4,13,2023
130783665,1.0,102.0,102.0,99.0,,,1.0,CLINIQUE DE BONNEVEINE,61,3,365,PNL4,13,2023
130784713,1.0,109.0,96.0,88.0,2.0,,13.0,HP MARSEILLE BEAUREGARD VERT COTEAU,73,2,365,PLU4,13,2023
130785652,1.0,0.0,3.0,0.0,0.0,,67.0,HOPITAL SAINT JOSEPH,61,3,365,PNL4,13,2023
140000027,1.0,214.0,,120.0,32.0,,13.0,CENTRE HOSPITALIER DE LISIEUX,13,1,355,PUB2,14,2023
140000209,1.0,1058.0,955.0,665.0,65.0,,48.0,CHU COTE DE NACRE - CAEN,13,1,101,PUB1,14,2023
140000233,1.0,20.0,25.0,19.0,0.0,15.0,0.0,CENTRE HOSPITALIER DE FALAISE,13,1,355,PUB2,14,2023
140000290,1.0,4.0,,0.0,1.0,,0.0,CLINIQUE NOTRE DAME - VIRE,73,2,128,PLU4,14,2023
140000373,1.0,42.0,28.0,42.0,0.0,,0.0,CENTRE HOSPITALIER DE VIRE,13,1,355,PUB2,14,2023
140016759,1.0,4.0,19.0,0.0,0.0,,15.0,POLYCLINIQUE DU PARC - CAEN,73,2,365,PLU4,14,2023
140024886,1.0,61.0,85.0,53.0,0.0,,0.0,CENTRE HOSPITALIER - AUNAY-BAYEUX,13,1,355,PUB2,14,2023
140026410,1.0,77.0,70.0,76.0,0.0,,0.0,CH COTE FLEURIE - SITE DE CRICQUEBOEUF,14,1,355,PUB2,14,2023
140026709,1.0,4.0,2.0,0.0,0.0,,0.0,POLYCLINIQUE DE DEAUVILLE-CRICQUEBOEUF,95,2,365,PLU4,14,2023
150000032,1.0,57.0,68.0,57.0,0.0,0.0,0.0,CH DE SAINT-FLOUR,13,1,355,PUB2,15,2023
150000040,1.0,215.0,212.0,158.0,10.0,1.0,5.0,CH HENRI MONDOR,13,1,355,PUB2,15,2023
150000164,1.0,13.0,1.0,13.0,0.0,,0.0,CH DE MAURIAC,13,1,355,PUB2,15,2023
150780732,1.0,3.0,3.0,2.0,,,0.0,CENTRE MEDICO CHIRURGICAL TRONQUIERES,95,2,365,PLU4,15,2023
160000253,1.0,494.0,467.0,296.0,46.0,5.0,9.0,CENTRE HOSPITALIER D'ANGOULEME,13,1,355,PUB2,16,2023
160013207,1.0,43.0,64.0,1.0,6.0,,7.0,CENTRE CLINICAL SA,73,2,128,PLU4,16,2023
160015368,1.0,90.0,123.0,82.0,0.0,2.0,0.0,HOPITAUX DU GRAND COGNAC,14,1,355,PUB2,16,2023
170000038,1.0,79.0,91.0,69.0,1.0,,0.0,CENTRE HOSPITALIER JONZAC,13,1,355,PUB2,17,2023
170000087,1.0,732.0,642.0,460.0,66.0,5.0,28.0,HOPITAL SAINT-LOUIS - LA ROCHELLE,14,1,355,PUB2,17,2023
170000095,1.0,1.0,,1.0,0.0,,0.0,CENTRE HOSPITALIER ST-JEAN D'ANGELY,13,1,355,PUB2,17,2023
170000103,1.0,521.0,481.0,367.0,34.0,,10.0,CH DE SAINTONGE - SAINTES,13,1,355,PUB2,17,2023
170000152,1.0,295.0,284.0,195.0,7.0,,4.0,CENTRE HOSPITALIER ROCHEFORT,13,1,355,PUB2,17,2023
170780621,1.0,23.0,41.0,0.0,2.0,,0.0,POLYCLINIQUE SAINT GEORGES,73,2,365,PLU4,17,2023
170780662,1.0,2.0,4.0,0.0,0.0,,0.0,CLINIQUE DE L'ATLANTIQUE,95,2,365,PLU4,17,2023
180000010,1.0,494.0,445.0,357.0,38.0,,19.0,CH BOURGES - JACQUES COEUR,13,1,355,PUB2,18,2023
180000200,1.0,230.0,175.0,161.0,19.0,,2.0,CH DE VIERZON,13,1,355,PUB2,18,2023
180000283,1.0,56.0,62.0,43.0,0.0,,0.0,CH SAINT AMAND-MONTROND,13,1,355,PUB2,18,2023
180000358,1.0,11.0,,0.0,0.0,,0.0,CLINIQUE DES GRAINETIERES,75,2,128,PLU4,18,2023
180004145,1.0,16.0,19.0,8.0,0.0,,0.0,HOPITAL PRIVE GUILLAUME DE VARYE,73,2,365,PLU4,18,2023
190000018,1.0,464.0,446.0,347.0,7.0,,8.0,CENTRE HOSPITALIER DUBOIS BRIVE,13,1,355,PUB2,19,2023
190000026,1.0,151.0,174.0,79.0,9.0,,2.0,CENTRE HOSPITALIER COEUR DE CORREZE,13,1,355,PUB2,19,2023
190000091,1.0,69.0,83.0,56.0,0.0,,0.0,CENTRE HOSPITALIER D'USSEL,13,1,355,PUB2,19,2023
190000224,1.0,18.0,21.0,0.0,0.0,,1.0,CLINIQUE LES CEDRES BRIVE,73,2,365,PLU4,19,2023
210987558,1.0,680.0,699.0,466.0,141.0,11.0,83.0,HOPITAL LE BOCAGE CHRU DIJON,13,1,101,PUB1,21,2023
210987657,1.0,94.0,83.0,38.0,14.0,,0.0,HOSPICES CIVILS DE BEAUNE,14,1,355,PUB2,21,2023
210987665,1.0,26.0,16.0,26.0,0.0,,0.0,CH HCO SITE DE CHATILLON SUR SEINE,14,1,355,PUB2,21,2023
210987699,1.0,70.0,75.0,58.0,1.0,0.0,1.0,CENTRE HOSPITALIER ROBERT MORLEVAT,13,1,355,PUB2,21,2023
220000012,1.0,642.0,620.0,475.0,51.0,1.0,48.0,CENTRE HOSPITALIER YVES LE FOLL,13,1,355,PUB2,22,2023
220000095,1.0,132.0,152.0,113.0,4.0,,0.0,CTRE HOSPITALIER DINAN,13,1,355,PUB2,22,2023
220000343,1.0,196.0,177.0,153.0,5.0,,1.0,CENTRE HOSPITALIER GUINGAMP,13,1,355,PUB2,22,2023
220000368,1.0,213.0,205.0,177.0,7.0,,2.0,CENTRE HOSPITALIER LANNION,13,1,355,PUB2,22,2023
220000541,1.0,41.0,43.0,41.0,0.0,,0.0,CENTRE HOSPITALIER PAIMPOL,13,1,355,PUB2,22,2023
220022800,1.0,29.0,48.0,18.0,2.0,,7.0,HOPITAL PRIVÉ DES COTES D'ARMOR,73,2,365,PLU4,22,2023
230000820,1.0,187.0,187.0,110.0,7.0,,0.0,CENTRE HOSPITALIER GUERET,13,1,355,PUB2,23,2023
240000190,1.0,5.0,7.0,5.0,0.0,,7.0,POLYCLINIQUE FRANCHEVILLE,73,2,365,PLU4,24,2023
240000372,1.0,282.0,172.0,232.0,7.0,0.0,0.0,C.H DE BERGERAC,13,1,355,PUB2,24,2023
240000489,1.0,658.0,638.0,438.0,34.0,1.0,3.0,CENTRE HOSPITALIER DE PERIGUEUX,13,1,355,PUB2,24,2023
240000687,1.0,120.0,120.0,109.0,2.0,,1.0,CENTRE HOSPITALIER SARLAT,13,1,355,PUB2,24,2023
250000700,1.0,283.0,247.0,189.0,24.0,,7.0,CHI HC SITE RIVES DU DOUBS PONTARLIER,14,1,355,PUB2,25,2023
250006954,1.0,384.0,365.0,158.0,56.0,16.0,37.0,CHU JEAN MINJOZ BESANCON,13,1,101,PUB1,25,2023
260000013,1.0,515.0,489.0,342.0,40.0,,30.0,CH DE VALENCE,13,1,355,PUB2,26,2023
260000120,1.0,244.0,243.0,154.0,15.0,1.0,1.0,HOPITAUX DROME NORD - ROMANS-SUR-ISERE,14,1,355,PUB2,26,2023
260000138,1.0,419.0,347.0,244.0,37.0,15.0,15.0,CH PORTES PROVENCE MONTELIMAR,13,1,355,PUB2,26,2023
260000146,1.0,41.0,46.0,40.0,0.0,,0.0,CH DE CREST,13,1,355,PUB2,26,2023
260000203,1.0,25.0,13.0,25.0,0.0,,0.0,HOPITAUX DROME NORD - SAINT-VALLIER,14,1,355,PUB2,26,2023
260000286,1.0,19.0,28.0,19.0,0.0,0.0,0.0,CH DE DIE,13,1,355,PUB2,26,2023
270000045,1.0,86.0,97.0,78.0,0.0,0.0,0.0,CH BERNAY,13,1,355,PUB2,27,2023
270000359,1.0,538.0,585.0,502.0,21.0,19.0,15.0,CH EVREUX CH EURE-SEINE,14,1,355,PUB2,27,2023
270000367,1.0,138.0,165.0,109.0,0.0,,0.0,CH GISORS,13,1,355,PUB2,27,2023
270000425,1.0,12.0,0.0,12.0,0.0,,0.0,CH PONT-AUDEMER,13,1,355,PUB2,27,2023
270000458,1.0,222.0,191.0,208.0,11.0,19.0,1.0,CH VERNON CH EURE-SEINE,14,1,355,PUB2,27,2023
280000084,1.0,286.0,258.0,213.0,16.0,4.0,0.0,CH DREUX,13,1,355,PUB2,28,2023
280000662,1.0,60.0,46.0,60.0,0.0,,0.0,CH CHATEAUDUN,13,1,355,PUB2,28,2023
280502998,1.0,61.0,45.0,61.0,0.0,0.0,0.0,CH NOGENT LE ROTROU - NOUVEL HÔPITAL,13,1,355,PUB2,28,2023
280504267,1.0,532.0,496.0,393.0,54.0,,20.0,CH CHARTRES LOUIS PASTEUR-LE COUDRAY,13,1,355,PUB2,28,2023
280505777,1.0,16.0,27.0,11.0,1.0,,10.0,HOPITAL PRIVE D'EURE ET LOIR,75,2,365,PLU4,28,2023
290000025,1.0,653.0,680.0,353.0,33.0,7.0,26.0,CHIC QUIMPER,14,1,355,PUB2,29,2023
290000033,1.0,240.0,212.0,213.0,10.0,,1.0,C.H. DES PAYS DE MORLAIX,14,1,355,PUB2,29,2023
290000058,1.0,512.0,452.0,242.0,58.0,,39.0,CHRU BREST SITE HOPITAL MORVAN,15,1,101,PUB1,29,2023
290000173,1.0,76.0,103.0,45.0,0.0,,0.0,CH FERDINAND GRALL LANDERNEAU,13,1,355,PUB2,29,2023
290000256,1.0,78.0,81.0,65.0,0.0,0.0,0.0,CHRU BREST SITE HOPITAL DE CARHAIX,15,1,101,PUB1,29,2023
290019777,1.0,201.0,254.0,162.0,7.0,15.0,12.0,POLYCLINIQUE DE KERAUDREN,73,2,365,PLU4,29,2023
2A0000154,1.0,100.0,103.0,73.0,5.0,0.0,0.0,CLINIQUE DU SUD DE LA CORSE,73,2,365,PLU4,2A,2023
2A0004842,1.0,365.0,,223.0,23.0,,17.0,CH ND LA MISERICORDE,13,1,355,PUB2,2A,2023
2B0000012,1.0,281.0,334.0,170.0,10.0,,11.0,CENTRE HOSPITALIER DE BASTIA,13,1,355,PUB2,2B,2023
2B0000145,1.0,41.0,175.0,29.0,0.0,,4.0,POLYCLINIQUE LA RESIDENCE MAYMARD,75,2,365,PLU4,2B,2023
300000023,1.0,478.0,450.0,348.0,17.0,,0.0,CH ALES CEVENNES,13,1,355,PUB2,30,2023
300782117,1.0,650.0,722.0,314.0,63.0,2.0,69.0,CHU NIMES CAREMEAU,13,1,101,PUB1,30,2023
300788502,1.0,72.0,65.0,45.0,0.0,,1.0,POLYCLINIQUE GRAND SUD NIMES,95,2,365,PLU4,30,2023
310000310,1.0,47.0,53.0,30.0,2.0,,3.0,CH COMMINGES PYRENEES SITE ST PLANCARD,13,1,355,PUB2,31,2023
310016977,1.0,1062.0,1064.0,270.0,128.0,,164.0,HOPITAUX MERE & ENFANTS CHU TOULOUSE,13,1,101,PUB1,31,2023
310026083,1.0,120.0,113.0,34.0,6.0,32.0,24.0,CL RIVE GAUCHE TOULOUSE,72,2,365,PLU4,31,2023
310026927,1.0,72.0,131.0,30.0,2.0,,13.0,CL CAPIO LA CROIX DU SUD QUINT FONSEGR,95,2,365,PLU4,31,2023
310780283,1.0,10.0,9.0,4.0,0.0,0.0,4.0,CL DE L'UNION SAINT JEAN,73,2,365,PLU4,31,2023
310780382,1.0,195.0,146.0,105.0,7.0,,5.0,CL AMBROISE PARE TOULOUSE,73,2,365,PLU4,31,2023
310781067,1.0,761.0,816.0,261.0,65.0,,4.0,HOPITAL JOSEPH DUCUING TOULOUSE,60,3,365,PNL4,31,2023
310781505,1.0,97.0,110.0,89.0,2.0,,1.0,CL D'OCCITANIE MURET,73,2,365,PLU4,31,2023
320000086,1.0,198.0,148.0,98.0,14.0,20.0,13.0,CH AUCH EN GASCOGNE,13,1,355,PUB2,32,2023
330000340,1.0,253.0,232.0,46.0,21.0,,49.0,MSP BORDEAUX BAGATELLE,63,3,365,PNL4,33,2023
330000555,1.0,337.0,286.0,207.0,24.0,4.0,3.0,CENTRE HOSPITALIER D'ARCACHON,13,1,355,PUB2,33,2023
330000571,1.0,93.0,110.0,52.0,3.0,,0.0,CH DE LA HAUTE GIRONDE,13,1,355,PUB2,33,2023
330000589,1.0,247.0,264.0,134.0,19.0,,1.0,CH SUD GIRONDE - SITE LANGON,14,1,355,PUB2,33,2023
330000597,1.0,18.0,9.0,18.0,0.0,,0.0,CH SUD GIRONDE - SITE LA REOLE,14,1,355,PUB2,33,2023
330000605,1.0,474.0,455.0,253.0,27.0,9.0,9.0,CTRE HOSPIT.R.BOULIN-LIBOURNE,13,1,355,PUB2,33,2023
330780479,1.0,22.0,31.0,18.0,0.0,,25.0,POLYCLIN BORDEAUX-NORD AQUITAINE,73,2,365,PLU4,33,2023
330780495,1.0,77.0,96.0,76.0,1.0,,0.0,CLINIQUE MUTUALISTE DU MEDOC,47,3,365,PNL4,33,2023
330780537,1.0,61.0,68.0,0.0,1.0,0.0,0.0,HOPITAL PRIVE WALLERSTEIN,61,3,365,PNL4,33,2023
330781360,1.0,1613.0,1507.0,465.0,214.0,48.0,191.0,GROUPE HOSPITALIER PELLEGRIN - CHU,13,1,101,PUB1,33,2023
330782582,1.0,89.0,55.0,0.0,10.0,,24.0,POLYCLINIQUE JEAN VILLAR,95,2,365,PLU4,33,2023
340000033,1.0,694.0,744.0,439.0,57.0,19.0,5.0,CH BEZIERS,13,1,355,PUB2,34,2023
340000223,1.0,291.0,312.0,222.0,11.0,0.0,4.0,HOPITAL ST CLAIR HBT SETE,14,1,355,PUB2,34,2023
340009885,1.0,35.0,43.0,5.0,2.0,,12.0,POLYCL CHAMPEAU BEZIERS,73,2,365,PLU4,34,2023
340022979,1.0,334.0,361.0,207.0,18.0,,15.0,POLYCL ST ROCH MONTPELLIER,95,2,365,PLU4,34,2023
340780675,1.0,252.0,297.0,161.0,8.0,,8.0,CL CLEMENTVILLE MONTPELLIER,95,2,365,PLU4,34,2023
340780717,1.0,1.0,76.0,0.0,0.0,,0.0,CL ST LOUIS GANGES,95,2,365,PLU4,34,2023
340780741,1.0,168.0,161.0,104.0,10.0,,3.0,POLYCL STE THERESE SETE,73,2,365,PLU4,34,2023
340796663,1.0,1057.0,1031.0,526.0,49.0,70.0,106.0,HOPITAL ARNAUD DE VILLENEUVE CHU MPT,13,1,101,PUB1,34,2023
350000121,1.0,41.0,48.0,0.0,0.0,,15.0,CHP SAINT GREGOIRE,73,2,365,PLU4,35,2023
350000139,1.0,1.0,18.0,1.0,0.0,,47.0,CLINIQUE MUTUALISTE DE LA SAGESSE,47,3,365,PNL4,35,2023
350000147,1.0,318.0,312.0,219.0,17.0,,9.0,CENTRE HOSPITALIER SAINT-MALO,13,1,355,PUB2,35,2023
350000154,1.0,92.0,88.0,66.0,2.0,,0.0,C.H FOUGERES,13,1,355,PUB2,35,2023
350000162,1.0,157.0,156.0,129.0,4.0,0.0,3.0,CHIRC SITE REDON,14,1,355,PUB2,35,2023
350000188,1.0,32.0,36.0,12.0,2.0,,1.0,CENTRE HOSPITALIER VITRE,13,1,355,PUB2,35,2023
350007084,1.0,1555.0,1624.0,739.0,98.0,89.0,71.0,CHRU RENNES SITE HOPITAL SUD,15,1,101,PUB1,35,2023
360000038,1.0,44.0,48.0,43.0,0.0,,0.0,CH LA TOUR BLANCHE - ISSOUDUN,13,1,355,PUB2,36,2023
360000137,1.0,302.0,376.0,278.0,8.0,0.0,2.0,CH CHATEAUROUX,11,1,355,PUB2,36,2023
360000160,1.0,1.0,19.0,1.0,0.0,,0.0,CH DU BLANC,11,1,355,PUB2,36,2023
370000531,1.0,59.0,52.0,30.0,2.0,,0.0,CH DU CHINONAIS,13,1,355,PUB2,37,2023
370000861,1.0,1252.0,1255.0,420.0,67.0,,77.0,CHRU BRETONNEAU - TOURS,15,1,101,PUB1,37,2023
370000879,1.0,79.0,53.0,60.0,2.0,,0.0,CHIC - AMBOISE- HÔPITAL ROBERT DEBRÉ,14,1,355,PUB2,37,2023
370000903,1.0,26.0,45.0,19.0,0.0,0.0,0.0,CH PAUL MARTINAIS - LOCHES,13,1,355,PUB2,37,2023
370007569,1.0,12.0,18.0,1.0,0.0,,18.0,PÔLE SANTÉ LÉONARD DE VINCI,73,2,365,PLU4,37,2023
380000026,1.0,14.0,18.0,14.0,0.0,,0.0,CH FABRICE MARCHIOL LA MURE,13,1,355,PUB2,38,2023
380000034,1.0,357.0,434.0,210.0,30.0,,0.0,CH PIERRE OUDOT BOURGOIN JALLIEU,13,1,355,PUB2,38,2023
380000067,1.0,1168.0,1174.0,403.0,85.0,39.0,52.0,HOPITAL NORD - CHU38,13,1,101,PUB1,38,2023
380000091,1.0,36.0,34.0,36.0,0.0,,0.0,CH INTERCOMMUNAL VERCORS ISERE,14,1,355,PUB2,38,2023
380000174,1.0,311.0,277.0,183.0,21.0,1.0,0.0,CH LUCIEN HUSSEL DE VIENNE,13,1,355,PUB2,38,2023
380000406,1.0,218.0,193.0,64.0,12.0,,11.0,HOPITAL DE VOIRON - CHU38,13,1,101,PUB1,38,2023
380012658,1.0,268.0,300.0,181.0,4.0,16.0,5.0,GROUPE HOSPIT. MUTUALISTE DE GRENOBLE,47,3,365,PNL4,38,2023
380780288,1.0,2.0,4.0,0.0,,,0.0,NOUVELLE CLINIQUE DE CHARTREUSE,95,2,365,PLU4,38,2023
380785956,1.0,19.0,21.0,0.0,1.0,0.0,6.0,CLINIQUE DES CEDRES,73,2,365,PLU4,38,2023
380786442,1.0,4.0,5.0,0.0,0.0,,10.0,CLINIQUE BELLEDONNE,95,2,365,PLU4,38,2023
390000040,1.0,279.0,264.0,242.0,7.0,7.0,10.0,CH LONS,14,1,355,PUB2,39,2023
390000065,1.0,38.0,42.0,34.0,2.0,,0.0,CH LOUIS JAILLON SAINT CLAUDE,13,1,355,PUB2,39,2023
390000222,1.0,200.0,196.0,152.0,13.0,,4.0,CH LOUIS PASTEUR DOLE,13,1,355,PUB2,39,2023
400000105,1.0,211.0,204.0,132.0,10.0,,1.0,CENTRE HOSPITALIER DAX,13,1,355,PUB2,40,2023
400000139,1.0,325.0,328.0,222.0,21.0,3.0,9.0,CHI MONT DE MARSAN ET PAYS DES SOURCES,13,1,355,PUB2,40,2023
400015236,1.0,15.0,,0.0,2.0,0.0,0.0,GCS DU MARSAN,89,3,697,PNL10,40,2023
400780342,1.0,23.0,,5.0,3.0,,0.0,CLINIQUE JEAN LE BON,95,2,365,PLU4,40,2023
410000020,1.0,660.0,647.0,292.0,32.0,,14.0,CH BLOIS SIMONE VEIL,13,1,355,PUB2,41,2023
410000038,1.0,1.0,,0.0,0.0,,0.0,CH VENDOME - MONTOIRE,13,1,355,PUB2,41,2023
410000046,1.0,64.0,48.0,43.0,4.0,,32.0,CH ROMORANTIN-LANTHENAY,13,1,355,PUB2,41,2023
410000202,1.0,1.0,0.0,0.0,1.0,0.0,4.0,POLYCLINIQUE BLOIS,73,2,365,PLU4,41,2023
410004998,1.0,5.0,40.0,5.0,0.0,,0.0,CLINIQUE DU SAINT COEUR - VENDOME,73,2,365,PLU4,41,2023
420000010,1.0,277.0,260.0,179.0,22.0,10.0,6.0,CH DE ROANNE,13,1,355,PUB2,42,2023
420000226,1.0,123.0,121.0,92.0,10.0,0.0,3.0,CH DU FOREZ SITE DE MONTBRISON,14,1,355,PUB2,42,2023
420000234,1.0,275.0,272.0,192.0,17.0,,4.0,CH DE FIRMINY,13,1,355,PUB2,42,2023
420000267,1.0,50.0,40.0,50.0,0.0,0.0,0.0,CH DU FOREZ SITE DE FEURS,14,1,355,PUB2,42,2023
420011413,1.0,33.0,31.0,0.0,1.0,2.0,6.0,HOPITAL PRIVE DE LA LOIRE,73,2,365,PLU4,42,2023
420780637,1.0,109.0,90.0,103.0,0.0,,1.0,CH DU GIER - MCO,14,1,355,PUB2,42,2023
420782310,1.0,6.0,4.0,1.0,1.0,0.0,0.0,CLINIQUE DU RENAISON,73,2,365,PLU4,42,2023
420785354,1.0,685.0,697.0,391.0,62.0,13.0,71.0,HOPITAL NORD - CHU42,13,1,101,PUB1,42,2023
430000117,1.0,235.0,205.0,159.0,11.0,,5.0,CH EMILE ROUX LE PUY,13,1,355,PUB2,43,2023
440000016,1.0,720.0,702.0,440.0,66.0,1.0,25.0,CH DE SAINT NAZAIRE,13,1,355,PUB2,44,2023
440000271,1.0,1687.0,1733.0,688.0,93.0,,101.0,CHU DE NANTES SITE HOTEL DIEU HME,13,1,101,PUB1,44,2023
440000396,1.0,172.0,190.0,139.0,5.0,,0.0,CH ERDRE ET LOIRE,14,1,355,PUB2,44,2023
440000412,1.0,64.0,99.0,29.0,3.0,,11.0,CLINIQUE BRETECHE VIAUD,73,2,365,PLU4,44,2023
440000503,1.0,135.0,136.0,130.0,3.0,,4.0,CH CNP SITE CHATEAUBRIANT,14,1,355,PUB2,44,2023
440029338,1.0,738.0,728.0,206.0,52.0,,35.0,CLINIQUE MUTUALISTE JULES VERNE,47,3,365,PNL4,44,2023
440033819,1.0,3.0,3.0,0.0,0.0,,28.0,SANTE ATLANTIQUE,72,2,365,PLU4,44,2023
450000047,1.0,135.0,113.0,93.0,2.0,,1.0,CH DEZARNAULDS - GIEN,13,1,355,PUB2,45,2023
450000062,1.0,305.0,323.0,266.0,13.0,,4.0,CH AGGLOMERATION MONTARGOISE,14,1,355,PUB2,45,2023
450000070,1.0,54.0,58.0,54.0,0.0,,0.0,CH PITHIVIERS,13,1,355,PUB2,45,2023
450002613,1.0,1036.0,1041.0,630.0,81.0,,38.0,CHR ORLÉANS - HÔPITAL DE LA SOURCE,15,1,101,PUB1,45,2023
450010079,1.0,1.0,0.0,0.0,0.0,,0.0,ORELIANCE - LONGUES ALLEES,75,2,365,PLU4,45,2023
460000045,1.0,35.0,52.0,35.0,0.0,0.0,0.0,CH FIGEAC SITE MARTIN MALVY,13,1,355,PUB2,46,2023
460000102,1.0,22.0,18.0,22.0,0.0,,0.0,CH JEAN COULON GOURDON,11,1,355,PUB2,46,2023
460000110,1.0,286.0,233.0,190.0,17.0,0.0,1.0,CH JEAN ROUGIER CAHORS,13,1,355,PUB2,46,2023
470000027,1.0,24.0,41.0,18.0,0.0,,0.0,CLINIQUE ESQUIROL-SAINT-HILAIRE,95,2,365,PLU4,47,2023
470000423,1.0,339.0,284.0,183.0,33.0,,8.0,CH AGEN NERAC - HOPITAL SAINT-ESPRIT,14,1,355,PUB2,47,2023
470000431,1.0,84.0,52.0,75.0,3.0,1.0,1.0,CH VILLENEUVE -POLE SANTE VILLENEUVOIS,13,1,355,PUB2,47,2023
470000480,1.0,205.0,198.0,168.0,4.0,,21.0,CENTRE HOSPITALIER DE MARMANDE - CHIC,14,1,355,PUB2,47,2023
480000017,1.0,59.0,124.0,41.0,5.0,0.0,1.0,HOPITAL LOZERE SITE VALLEE DU LOT,13,1,355,PUB2,48,2023
490000049,1.0,1317.0,1258.0,639.0,91.0,1.0,65.0,CHR ANGERS SITE LARREY,13,1,101,PUB1,49,2023
490000635,1.0,450.0,357.0,227.0,29.0,,16.0,CH DE CHOLET,13,1,355,PUB2,49,2023
490001765,1.0,257.0,275.0,185.0,13.0,,2.0,CH DE SAUMUR,13,1,355,PUB2,49,2023
490002037,1.0,1.0,0.0,0.0,0.0,,0.0,POLYCLINIQUE DU PARC,95,2,365,PLU4,49,2023
490014909,1.0,2.0,0.0,0.0,0.0,,7.0,CLINIQUE DE L'ANJOU,95,2,365,PLU4,49,2023
500000021,1.0,228.0,235.0,182.0,13.0,,5.0,CHAG - SITE AVRANCHES,14,1,355,PUB2,50,2023
500000187,1.0,241.0,239.0,154.0,22.0,,12.0,CHPC - SITE CHERBOURG,14,1,355,PUB2,50,2023
500000401,1.0,14.0,26.0,14.0,0.0,,0.0,CLINIQUE HENRI GUILLARD - COUTANCES,73,2,365,PLU4,50,2023
500000450,1.0,342.0,306.0,267.0,23.0,,19.0,CH MEMORIAL - SAINT-LO,13,1,355,PUB2,50,2023
510000169,1.0,236.0,254.0,186.0,12.0,,1.0,CENTRE HOSPITALIER LEON BOURGEOIS,13,1,355,PUB2,51,2023
510000235,1.0,225.0,216.0,167.0,9.0,,1.0,CENTRE HOSPITALIER D'EPERNAY,13,1,355,PUB2,51,2023
510000250,1.0,44.0,22.0,44.0,0.0,,0.0,CENTRE HOSPITALIER VITRY LE FRANCOIS,13,1,355,PUB2,51,2023
510004302,1.0,476.0,463.0,226.0,41.0,10.0,73.0,HOPITAL MAISON BLANCHE CHU REIMS,13,1,101,PUB1,51,2023
510024979,1.0,204.0,243.0,149.0,11.0,,11.0,POLYCLINIQUE REIMS - BEZANNES,73,2,365,PLU4,51,2023
520000027,1.0,180.0,206.0,139.0,12.0,,1.0,CENTRE HOSPITALIER DE CHAUMONT,13,1,355,PUB2,52,2023
520000068,1.0,156.0,195.0,127.0,1.0,2.0,3.0,CH GENEVIEVE DE GAULLE ANTHONIOZ,13,1,355,PUB2,52,2023
530000017,1.0,34.0,38.0,30.0,0.0,,1.0,CH HAUT ANJOU SITE CHATEAU GONTIER,14,1,355,PUB2,53,2023
530000173,1.0,111.0,135.0,66.0,3.0,,0.0,CH DU NORD MAYENNE,13,1,355,PUB2,53,2023
530000264,1.0,300.0,385.0,169.0,21.0,,0.0,CENTRE HOSPITALIER DE LAVAL,13,1,355,PUB2,53,2023
540000015,1.0,1093.0,1220.0,764.0,84.0,8.0,81.0,CHRU NANCY - MATERNITE,13,1,101,PUB1,54,2023
540000023,1.0,180.0,166.0,142.0,7.0,,2.0,CENTRE HOSPITALIER SAINT CHARLES TOUL,13,1,355,PUB2,54,2023
540000155,1.0,184.0,165.0,156.0,1.0,0.0,6.0,CENTRE HOSPITALIER DE LUNEVILLE,13,1,355,PUB2,54,2023
540000296,1.0,55.0,39.0,55.0,0.0,0.0,0.0,CENTRE HOSPITALIER DE PONT A MOUSSON,13,1,355,PUB2,54,2023
540001070,1.0,203.0,210.0,167.0,3.0,,2.0,CH DE BRIEY - HOPITAL MAILLOT,13,1,355,PUB2,54,2023
540001096,1.0,219.0,219.0,190.0,8.0,0.0,1.0,CH DE MT ST MARTIN (GROUPE SOS SANTE),62,3,365,PNL4,54,2023
540013224,1.0,268.0,236.0,206.0,7.0,0.0,8.0,POLYCLINIQUE MAJORELLE,95,2,365,PLU4,54,2023
550000012,1.0,144.0,112.0,132.0,3.0,3.0,3.0,CH VERDUN/ST MIHIEL-HOP ST NICOLAS,14,1,355,PUB2,55,2023
550000038,1.0,23.0,,23.0,0.0,,0.0,CENTRE HOSPITALIER ST-CHARLES COMMERCY,13,1,355,PUB2,55,2023
550000178,1.0,3.0,4.0,0.0,0.0,,0.0,POLYCLINIQUE DU PARC,73,2,365,PLU4,55,2023
550000434,1.0,119.0,113.0,105.0,1.0,0.0,0.0,CH BLD FV SITE BLD,13,1,355,PUB2,55,2023
560000127,1.0,569.0,584.0,190.0,42.0,18.0,22.0,CHBA SITE DE VANNES,14,1,355,PUB2,56,2023
560000135,1.0,636.0,710.0,424.0,30.0,8.0,29.0,GHBS- HÔPITAL DU SCORFF,14,1,355,PUB2,56,2023
560000143,1.0,294.0,275.0,160.0,13.0,,5.0,CHCB- SITE KÉRIO,14,1,355,PUB2,56,2023
560000192,1.0,132.0,104.0,72.0,8.0,,1.0,CENTRE HOSPITALIER DE PLOERMEL,13,1,355,PUB2,56,2023
560000200,1.0,24.0,42.0,23.0,0.0,0.0,0.0,CHBA SITE D'AURAY,14,1,355,PUB2,56,2023
560007510,1.0,12.0,6.0,12.0,0.0,,1.0,POLYCLINIQUE DE KERIO,73,2,365,PLU4,56,2023
560008799,1.0,0.0,2.0,0.0,0.0,,9.0,HÔPITAL PRIVÉ OCÉANE,75,2,365,PLU4,56,2023
570000059,1.0,222.0,208.0,183.0,3.0,1.0,0.0,CH MARIE-MADELEINE DE FORBACH,14,1,355,PUB2,57,2023
570000083,1.0,272.0,246.0,237.0,4.0,,1.0,CLINIQUE SAINT NABOR DE SAINT AVOLD,73,2,365,PLU4,57,2023
570000117,1.0,59.0,1.0,57.0,0.0,,0.0,CH SAINT-NICOLAS DE SARREBOURG,13,1,355,PUB2,57,2023
570000349,1.0,398.0,382.0,335.0,18.0,,16.0,HOPITAL BEL AIR DE THIONVILLE - CHR,14,1,101,PUB1,57,2023
570000364,1.0,115.0,131.0,91.0,0.0,,0.0,CLINIQUE NOTRE DAME DE THIONVILLE,73,2,128,PLU4,57,2023
570000646,1.0,98.0,98.0,56.0,3.0,,0.0,HOPITAL-CLINIQUE CLAUDE BERNARD,73,2,365,PLU4,57,2023
570000901,1.0,181.0,221.0,127.0,15.0,,1.0,HOPITAL ROBERT PAX DE SARREGUEMINES,13,1,355,PUB2,57,2023
570026682,1.0,1128.0,943.0,420.0,98.0,,57.0,HOPITAL DE MERCY - CHR METZ THIONVILLE,14,1,101,PUB1,57,2023
580972669,1.0,10.0,10.0,10.0,0.0,,0.0,CH CLAMECY,13,1,355,PUB2,58,2023
580972685,1.0,117.0,81.0,82.0,10.0,,5.0,CH DECIZE,13,1,355,PUB2,58,2023
580972693,1.0,122.0,150.0,78.0,10.0,,9.0,HOPITAL PIERRE BEREGOVOY,14,1,355,PUB2,58,2023
590000121,1.0,218.0,256.0,141.0,11.0,1.0,7.0,CH SECLIN,14,1,355,PUB2,59,2023
590000337,1.0,743.0,782.0,595.0,33.0,,11.0,CH DUNKERQUE,13,1,355,PUB2,59,2023
590000428,1.0,350.0,371.0,246.0,11.0,,1.0,CH CAMBRAI,13,1,355,PUB2,59,2023
590000436,1.0,171.0,217.0,151.0,1.0,,0.0,CH LE CATEAU,13,1,355,PUB2,59,2023
590000469,1.0,121.0,101.0,117.0,0.0,,0.0,CH FOURMIES,13,1,355,PUB2,59,2023
590000535,1.0,171.0,306.0,102.0,27.0,,1.0,CH DE MAUBEUGE MCO,13,1,355,PUB2,59,2023
590000592,1.0,282.0,322.0,203.0,24.0,2.0,1.0,CH DENAIN,13,1,355,PUB2,59,2023
590000618,1.0,659.0,614.0,445.0,54.0,7.0,55.0,CH VALENCIENNES,13,1,355,PUB2,59,2023
590000758,1.0,611.0,614.0,385.0,29.0,5.0,2.0,CH ARMENTIERES,13,1,355,PUB2,59,2023
590001004,1.0,518.0,448.0,299.0,44.0,,17.0,CH DOUAI DECHY,13,1,355,PUB2,59,2023
590006607,1.0,1202.0,1160.0,613.0,108.0,20.0,119.0,HOP JEANNE DE FLANDRE CHU LILLE,13,1,101,PUB1,59,2023
590780268,1.0,1.0,0.0,0.0,0.0,,13.0,HOPITAL PRIVÉ LE BOIS,95,2,365,PLU4,59,2023
590797353,1.0,4.0,1.0,0.0,0.0,,3.0,GCS GHICL HOPITAL SAINT VINCENT -,89,3,697,PNL10,59,2023
590801106,1.0,973.0,986.0,602.0,43.0,4.0,15.0,HOPITAL VICTOR PROVO,13,1,355,PUB2,59,2023
590804696,1.0,554.0,582.0,390.0,10.0,,12.0,CENTRE HOSPITALIER DE TOURCOING,13,1,355,PUB2,59,2023
590813507,1.0,6.0,5.0,0.0,0.0,0.0,0.0,POLYCLINIQUE DU VAL DE SAMBRE,73,2,365,PLU4,59,2023
590817458,1.0,30.0,,0.0,0.0,,0.0,CLINIQUE DE LA VICTOIRE,95,2,365,PLU4,59,2023
600000053,1.0,456.0,373.0,379.0,26.0,,12.0,CH GHPSO SENLIS,14,1,355,PUB2,60,2023
600000186,1.0,73.0,71.0,72.0,0.0,,0.0,CH CLERMONT,13,1,355,PUB2,60,2023
600000194,1.0,388.0,433.0,214.0,57.0,,9.0,CH BEAUVAIS,13,1,355,PUB2,60,2023
600000467,1.0,1.0,0.0,0.0,0.0,,0.0,CH GHPSO CREIL,14,1,355,PUB2,60,2023
600100754,1.0,0.0,1.0,0.0,0.0,,12.0,POLYCLINIQUE SAINT CÔME,73,2,365,PLU4,60,2023
600113476,1.0,477.0,441.0,379.0,30.0,,13.0,CH CHICN COMPIÈGNE,14,1,355,PUB2,60,2023
610000044,1.0,112.0,111.0,84.0,4.0,,0.0,CENTRE HOSPITALIER DE L'AIGLE,13,1,355,PUB2,61,2023
610000051,1.0,244.0,235.0,183.0,17.0,,3.0,CHICAM - SITE ALENCON,14,1,355,PUB2,61,2023
610000069,1.0,170.0,152.0,152.0,13.0,2.0,5.0,CENTRE HOSPITALIER D'ARGENTAN,13,1,355,PUB2,61,2023
610000119,1.0,206.0,146.0,155.0,4.0,,4.0,CH  JACQUES MONOD  - FLERS,13,1,355,PUB2,61,2023
620000034,1.0,240.0,452.0,85.0,29.0,,19.0,CH ARRAS,13,1,355,PUB2,62,2023
620000224,1.0,445.0,468.0,334.0,19.0,,5.0,CH BETHUNE,13,1,355,PUB2,62,2023
620000257,1.0,736.0,724.0,372.0,78.0,,32.0,CH LENS,13,1,355,PUB2,62,2023
620000323,1.0,487.0,497.0,352.0,29.0,2.0,38.0,CH CALAIS,13,1,355,PUB2,62,2023
620000349,1.0,214.0,247.0,185.0,7.0,,6.0,CH REGION DE ST OMER,13,1,355,PUB2,62,2023
620000653,1.0,276.0,341.0,177.0,15.0,,6.0,CH BOULOGNE-SUR-MER,13,1,355,PUB2,62,2023
620003202,1.0,229.0,198.0,159.0,4.0,,4.0,CH ARRONDISSEMENT DE MONTREUIL,14,1,355,PUB2,62,2023
630000412,1.0,35.0,27.0,35.0,0.0,0.0,0.0,CH D'AMBERT,13,1,355,PUB2,63,2023
630000420,1.0,205.0,209.0,166.0,12.0,3.0,1.0,CH PAUL ARDIER ISSOIRE,13,1,355,PUB2,63,2023
630000446,1.0,108.0,111.0,57.0,5.0,,0.0,CH DE THIERS,13,1,355,PUB2,63,2023
630781268,1.0,895.0,862.0,378.0,56.0,,63.0,HOPITAL ESTAING - CHU63,13,1,101,PUB1,63,2023
630781839,1.0,74.0,100.0,29.0,1.0,,7.0,HOPITAL PRIVE LA CHATAIGNERAIE,95,2,365,PLU4,63,2023
640000162,1.0,511.0,558.0,171.0,55.0,,32.0,CH COTE BASQUE,14,1,355,PUB2,64,2023
640000402,1.0,41.0,59.0,41.0,0.0,0.0,0.0,CENTRE HOSPITALIER D'ORTHEZ,13,1,355,PUB2,64,2023
640000410,1.0,31.0,28.0,31.0,0.0,,0.0,CENTRE HOSPITALIER OLORON,13,1,355,PUB2,64,2023
640000600,1.0,374.0,403.0,99.0,57.0,11.0,18.0,CENTRE HOSPITALIER DE PAU,13,1,355,PUB2,64,2023
640017646,1.0,27.0,9.0,23.0,0.0,,0.0,CENTRE HOSPITALIER DE SAINT-PALAIS,13,1,355,PUB2,64,2023
640018206,1.0,3.0,2.0,0.0,0.0,,19.0,CLINIQUE BELHARRA,95,2,365,PLU4,64,2023
640780946,1.0,88.0,100.0,62.0,2.0,,18.0,POLYCLINIQUE PAU PYRENEES SITE NAVARRE,95,2,365,PLU4,64,2023
650000045,1.0,54.0,42.0,54.0,0.0,,0.0,CH TARBES LOURDES SITE LOURDES,14,1,355,PUB2,65,2023
650000052,1.0,11.0,4.0,11.0,0.0,0.0,0.0,CH BAGNERES DE BIGORRE,13,1,355,PUB2,65,2023
650000417,1.0,318.0,228.0,141.0,43.0,,12.0,CH TARBES LOURDES GESPE SITE TARBES,14,1,355,PUB2,65,2023
650780679,1.0,101.0,118.0,85.0,2.0,,5.0,POLYCL L'ORMEAU SITE CENTRE TARBES,73,2,365,PLU4,65,2023
650784218,1.0,18.0,5.0,18.0,0.0,,0.0,CMC HOPITAUX DE LANNEMEZAN,11,1,355,PUB2,65,2023
660000084,1.0,1235.0,1249.0,870.0,116.0,,41.0,CH PERPIGNAN,11,1,355,PUB2,66,2023
660780669,1.0,230.0,328.0,179.0,4.0,,8.0,POLYCL MEDITERRANEE PERPIGNAN,73,2,365,PLU4,66,2023
660780784,1.0,37.0,54.0,2.0,0.0,,0.0,CL ST PIERRE PERPIGNAN,73,2,365,PLU4,66,2023
670000157,1.0,338.0,325.0,305.0,11.0,15.0,2.0,CENTRE HOSPITALIER DE HAGUENAU,13,1,355,PUB2,67,2023
670000165,1.0,192.0,234.0,138.0,5.0,,0.0,CH SAINTE-CATHERINE DE SAVERNE,13,1,355,PUB2,67,2023
670000215,1.0,2.0,,2.0,0.0,,0.0,HOPITAL DU NEUENBERG,63,3,365,PNL4,67,2023
670000272,1.0,67.0,38.0,61.0,3.0,,2.0,CH INTERCOMMUNAL DE LA LAUTER,14,1,355,PUB2,67,2023
670000397,1.0,232.0,230.0,208.0,9.0,1.0,0.0,CENTRE HOSPITALIER DE SELESTAT,14,1,355,PUB2,67,2023
670018068,1.0,11.0,19.0,7.0,0.0,,0.0,CLINIQUE RHENA GCS ES,89,3,697,PNL10,67,2023
670780113,1.0,1528.0,1698.0,1259.0,53.0,14.0,70.0,CMCO,13,1,101,PUB1,67,2023
670780212,1.0,2.0,0.0,0.0,0.0,,6.0,CLINIQUE SAINTE-ANNE,63,3,365,PNL4,67,2023
670783273,1.0,458.0,308.0,432.0,16.0,14.0,52.0,HOPITAL DE HAUTEPIERRE,13,1,101,PUB1,67,2023
680000320,1.0,1.0,0.0,0.0,0.0,,10.0,CLINIQUE DIACONAT FONDERIE,63,3,365,PNL4,68,2023
680000544,1.0,51.0,79.0,51.0,0.0,,0.0,CENTRE HOSPITALIER D'ALTKIRCH,14,1,355,PUB2,68,2023
680000684,1.0,541.0,546.0,377.0,35.0,,12.0,HOPITAL LOUIS PASTEUR,13,1,355,PUB2,68,2023
680000700,1.0,30.0,23.0,30.0,0.0,,0.0,CENTRE HOSPITALIER DE GUEBWILLER,13,1,355,PUB2,68,2023
680001195,1.0,2.0,0.0,0.0,0.0,,0.0,HOPITAL ALBERT SCHWEITZER,63,3,365,PNL4,68,2023
680004546,1.0,1043.0,1153.0,966.0,63.0,,30.0,HOPITAL EMILE MULLER,14,1,355,PUB2,68,2023
690000013,1.0,76.0,93.0,52.0,1.0,,0.0,CH MONTGELAS,13,1,355,PUB2,69,2023
690000021,1.0,85.0,86.0,55.0,2.0,,0.0,CH DE SAINTE FOY LES LYON,13,1,355,PUB2,69,2023
690000575,1.0,321.0,431.0,188.0,25.0,,21.0,CH NORD OUEST - VILLEFRANCHE,13,1,355,PUB2,69,2023
690000625,1.0,55.0,52.0,55.0,0.0,,0.0,HNO DE TARARE,13,1,355,PUB2,69,2023
690007539,1.0,717.0,629.0,265.0,63.0,6.0,135.0,HOPITAL FEMME MERE ENFANT - HCL,13,1,101,PUB1,69,2023
690022959,1.0,50.0,72.0,20.0,3.0,,0.0,HOPITAL PRIVE NATECIA,95,2,365,PLU4,69,2023
690041132,1.0,263.0,228.0,181.0,11.0,,3.0,MEDIPOLE HOPITAL MUTUALISTE,47,3,365,PNL4,69,2023
690780358,1.0,5.0,2.0,1.0,0.0,,1.0,CLINIQUE DU VAL D'OUEST VENDOME,73,2,365,PLU4,69,2023
690780416,1.0,4.0,1.0,1.0,0.0,,2.0,GPE HOSP MUTUALISTE LES PORTES DU SUD,47,3,365,PNL4,69,2023
690783154,1.0,1174.0,1176.0,500.0,13.0,26.0,0.0,HOPITAL EDOUARD HERRIOT - HCL,13,1,101,PUB1,69,2023
690784137,1.0,379.0,380.0,121.0,28.0,,54.0,HOPITAL LYON SUD - HCL,13,1,101,PUB1,69,2023
690784152,1.0,1241.0,1241.0,439.0,122.0,17.0,87.0,HOPITAL CROIX-ROUSSE - HCL,13,1,101,PUB1,69,2023
690805361,1.0,1.0,2.0,0.0,0.0,,2.0,CH ST JOSEPH ST LUC,60,3,365,PNL4,69,2023
700000029,1.0,145.0,97.0,71.0,22.0,5.0,0.0,GH HAUTE SAONE SITE VESOUL,11,1,355,PUB2,70,2023
700780059,1.0,13.0,17.0,13.0,0.0,0.0,0.0,GH HAUTE SAONE SITE LUXEUIL,11,1,355,PUB2,70,2023
700780208,1.0,15.0,23.0,15.0,0.0,0.0,0.0,GH HAUTE SAONE SITE LURE,11,1,355,PUB2,70,2023
710010067,1.0,127.0,129.0,104.0,7.0,,3.0,CH DU PAYS CHAROLAIS BRIONNAIS,14,1,355,PUB2,71,2023
710010786,1.0,58.0,68.0,42.0,9.0,,0.0,CH AUTUN SITE PARPAS,13,1,355,PUB2,71,2023
710978263,1.0,390.0,410.0,219.0,48.0,,6.0,CH WILLIAM MOREY CHALON SUR SAONE,13,1,355,PUB2,71,2023
710978289,1.0,266.0,269.0,139.0,23.0,6.0,19.0,CH LES CHANAUX MACON,13,1,355,PUB2,71,2023
710978313,1.0,73.0,69.0,73.0,0.0,0.0,0.0,CENTRE HOSPITALIER JEAN BOUVERI,13,1,355,PUB2,71,2023
710978347,1.0,102.0,95.0,79.0,3.0,0.0,0.0,HOTEL DIEU DU CREUSOT,62,3,365,PNL4,71,2023
720000033,1.0,1331.0,1251.0,692.0,68.0,2.0,38.0,CENTRE HOSPITALIER DU MANS,13,1,355,PUB2,72,2023
720000231,1.0,70.0,68.0,59.0,5.0,,4.0,CLINIQUE DU TERTRE ROUGE,73,2,365,PLU4,72,2023
720016179,1.0,154.0,136.0,116.0,3.0,,1.0,POLE SANTE SARTHE ET LOIR,14,1,355,PUB2,72,2023
730000031,1.0,370.0,381.0,99.0,56.0,,47.0,CHMS CHAMBERY NH,14,1,355,PUB2,73,2023
730000080,1.0,95.0,108.0,82.0,1.0,,4.0,CH DE SAINT JEAN DE MAURIENNE,13,1,355,PUB2,73,2023
730000098,1.0,36.0,32.0,13.0,1.0,,0.0,CHMS AIX GRAND PORT,14,1,355,PUB2,73,2023
730000247,1.0,126.0,118.0,116.0,0.0,1.0,0.0,CH DE BOURG ST MAURICE,13,1,355,PUB2,73,2023
730000262,1.0,102.0,125.0,67.0,8.0,16.0,11.0,CH D'ALBERTVILLE,14,1,355,PUB2,73,2023
740000237,1.0,501.0,536.0,191.0,47.0,43.0,37.0,CH ANNECY-GENEVOIS SITE ANNECY,14,1,355,PUB2,74,2023
740000302,1.0,466.0,437.0,341.0,16.0,43.0,2.0,CH ANNECY-GENEVOIS SITE ST JULIEN EN G,14,1,355,PUB2,74,2023
740000328,1.0,432.0,444.0,306.0,14.0,0.0,12.0,HOPITAUX DU LEMAN,14,1,355,PUB2,74,2023
740014345,1.0,13.0,57.0,11.0,0.0,,1.0,HOPITAL PRIVE PAYS DE SAVOIE,73,2,365,PLU4,74,2023
740780424,1.0,8.0,6.0,0.0,1.0,0.0,11.0,CLINIQUE GENERALE D'ANNECY,73,2,365,PLU4,74,2023
740781141,1.0,628.0,588.0,451.0,28.0,,23.0,CH ALPES LEMAN,13,1,355,PUB2,74,2023
740781224,1.0,289.0,279.0,231.0,14.0,,5.0,HOPITAUX DU MONT BLANC SITE SALLANCHES,14,1,355,PUB2,74,2023
750100042,1.0,896.0,766.0,429.0,63.0,27.0,13.0,HU SAINT LOUIS SITE LARIBOISIERE APHP,15,1,101,PUB1,75,2023
750100075,1.0,126.0,250.0,17.0,2.0,18.0,0.0,HU SAINT LOUIS SITE SAINT LOUIS APHP,15,1,101,PUB1,75,2023
750100109,1.0,393.0,456.0,137.0,25.0,,128.0,HU EST PARISIEN SITE TROUSSEAU APHP,15,1,101,PUB1,75,2023
750100125,1.0,847.0,1036.0,346.0,74.0,,21.0,HU PITIE SALPETRIERE APHP,15,1,101,PUB1,75,2023
750100166,1.0,2022.0,1958.0,708.0,161.0,42.0,135.0,HU PARIS CENTRE SITE COCHIN APHP,15,1,101,PUB1,75,2023
750100232,1.0,324.0,351.0,138.0,28.0,1.0,23.0,HU PARIS NORD SITE BICHAT APHP,15,1,101,PUB1,75,2023
750100273,1.0,604.0,610.0,341.0,31.0,,23.0,HU EST PARISIEN SITE TENON APHP,15,1,101,PUB1,75,2023
750150013,1.0,1183.0,1137.0,432.0,80.0,,0.0,HOPITAL PIERRE ROUQUES LES BLUETS,60,3,365,PNL4,75,2023
750150104,1.0,311.0,234.0,12.0,67.0,,5.0,INSTITUT MUTUALISTE MONTSOURIS,47,3,365,PNL4,75,2023
750150260,1.0,102.0,1.0,102.0,0.0,,5.0,HOPITAL DES DIACONESSES,60,3,365,PNL4,75,2023
750300071,1.0,3.0,,0.0,0.0,,2.0,CLINIQUE GEOFFROY SAINT HILAIRE,95,2,128,PLU4,75,2023
750300840,1.0,14.0,19.0,4.0,0.0,5.0,0.0,CLINIQUE DE LA MUETTE,73,2,365,PLU4,75,2023
750300931,1.0,11.0,31.0,0.0,0.0,0.0,0.0,CLINIQUE STE THERESE,95,2,365,PLU4,75,2023
750301137,1.0,2.0,,0.0,0.0,,0.0,CLINIQUE CHIRURG ALLERAY LABROUSTE,95,2,128,PLU4,75,2023
750803447,1.0,205.0,202.0,0.0,28.0,0.0,0.0,HU PARIS OUEST SITE G POMPIDOU APHP,15,1,101,PUB1,75,2023
750803454,1.0,94.0,89.0,11.0,12.0,1.0,72.0,HU ROBERT DEBRE APHP,15,1,101,PUB1,75,2023
760000018,1.0,264.0,256.0,182.0,22.0,,5.0,CH DIEPPE,13,1,355,PUB2,76,2023
760000158,1.0,433.0,465.0,353.0,17.0,45.0,32.0,HOPITAL CHARLES NICOLLE CHU ROUEN,13,1,101,PUB1,76,2023
760000182,1.0,696.0,737.0,238.0,115.0,0.0,20.0,CH DU BELVEDERE MONT-SAINT-AIGNAN,11,1,355,PUB2,76,2023
760000364,1.0,127.0,129.0,95.0,1.0,,0.0,CHI DU PAYS DES HAUTES FALAISES FECAMP,14,1,355,PUB2,76,2023
760000372,1.0,138.0,161.0,106.0,9.0,,0.0,CH LILLEBONNE CHI CAUX VALLEE DE SEINE,14,1,355,PUB2,76,2023
760000463,1.0,400.0,379.0,257.0,28.0,,15.0,CH LES FEUGRAIS CHI ELBEUF,14,1,355,PUB2,76,2023
760021329,1.0,30.0,33.0,0.0,3.0,,0.0,HOPITAL PRIVE DE L'ESTUAIRE,73,2,365,PLU4,76,2023
760025312,1.0,14.0,16.0,2.0,0.0,,23.0,CLINIQUE MATHILDE ROUEN,73,2,365,PLU4,76,2023
760805770,1.0,484.0,612.0,310.0,46.0,17.0,36.0,HOPITAL JACQUES MONOD CH LE HAVRE,13,1,355,PUB2,76,2023
770000131,1.0,120.0,86.0,109.0,2.0,,1.0,CH DE COULOMMIERS,14,1,355,PUB2,77,2023
770000149,1.0,394.0,307.0,362.0,18.0,,17.0,CH SUD SEINE ET MARNE FONTAINEBLEAU,13,1,355,PUB2,77,2023
770000156,1.0,306.0,308.0,95.0,48.0,,9.0,CH DE MELUN SITE SANTEPOLE,13,1,355,PUB2,77,2023
770000164,1.0,162.0,225.0,159.0,2.0,,1.0,CH SUD SEINE ET MARNE SITE MONTEREAU,13,1,355,PUB2,77,2023
770000172,1.0,42.0,45.0,35.0,0.0,,2.0,CH DE PROVINS LEON BINET,13,1,355,PUB2,77,2023
770000446,1.0,384.0,509.0,275.0,28.0,,12.0,CH DE MEAUX SITE SAINT FARON,14,1,355,PUB2,77,2023
770019032,1.0,524.0,559.0,358.0,79.0,,1.0,GHEF MARNE LA VALLEE SITE JOSSIGNY,14,1,355,PUB2,77,2023
770300010,1.0,3.0,,0.0,2.0,,0.0,HOPITAL PRIVE DE MARNE CHANTEREINE,72,2,365,PLU4,77,2023
770790707,1.0,177.0,113.0,143.0,6.0,0.0,1.0,CLINIQUE DE TOURNAN,73,2,365,PLU4,77,2023
780000287,1.0,390.0,345.0,339.0,4.0,2.0,10.0,CH FRANCOIS QUESNAY MANTES,13,1,355,PUB2,78,2023
780000295,1.0,19.0,16.0,7.0,0.0,0.0,0.0,CHI DE MEULAN LES MUREAUX,14,1,355,PUB2,78,2023
780000311,1.0,360.0,350.0,1.0,76.0,15.0,114.0,CHI POISSY ST GERMAIN SITE DE POISSY,14,1,355,PUB2,78,2023
780000329,1.0,122.0,126.0,65.0,13.0,,0.0,CH DE RAMBOUILLET,13,1,355,PUB2,78,2023
780000337,1.0,587.0,678.0,584.0,0.0,,0.0,CHI POISSY ST GERMAIN SITE ST GERMAIN,14,1,355,PUB2,78,2023
780018727,1.0,1.0,0.0,0.0,0.0,0.0,0.0,CLINIQUE SAINT GERMAIN,73,2,365,PLU4,78,2023
780300208,1.0,5.0,,0.0,0.0,,0.0,CLINIQUE SAINT LOUIS,73,2,365,PLU4,78,2023
780300406,1.0,11.0,16.0,10.0,0.0,,0.0,HOPITAL PRIVE DE PARLY II,95,2,365,PLU4,78,2023
780300422,1.0,88.0,39.0,0.0,84.0,0.0,0.0,HOPITAL PRIVE DE L OUEST PARISIEN,95,2,365,PLU4,78,2023
780800256,1.0,464.0,493.0,305.0,50.0,8.0,30.0,CH DE VERSAILLES SITE ANDRE MIGNOT,13,1,355,PUB2,78,2023
790000087,1.0,640.0,573.0,414.0,33.0,5.0,17.0,CENTRE HOSPITALIER DE NIORT,13,1,355,PUB2,79,2023
790009948,1.0,23.0,,21.0,0.0,,0.0,POLYCLINIQUE D'INKERMANN,95,2,365,PLU4,79,2023
790019848,1.0,183.0,171.0,118.0,7.0,3.0,3.0,SITE HOSPITALIER FAYE L'ABBESSE,14,1,355,PUB2,79,2023
800000143,1.0,233.0,263.0,168.0,7.0,,10.0,CH ABBEVILLE,13,1,355,PUB2,80,2023
800000226,1.0,39.0,34.0,39.0,0.0,,0.0,CH DOULLENS,13,1,355,PUB2,80,2023
800000432,1.0,130.0,142.0,129.0,0.0,0.0,0.0,CH PÉRONNE,13,1,355,PUB2,80,2023
800006124,1.0,1170.0,1255.0,767.0,95.0,10.0,87.0,CHU AMIENS SUD,13,1,101,PUB1,80,2023
810000224,1.0,11.0,24.0,10.0,1.0,,0.0,CL CLAUDE BERNARD ALBI,95,2,365,PLU4,81,2023
810000505,1.0,357.0,392.0,225.0,23.0,,12.0,CH ALBI,13,1,355,PUB2,81,2023
810000521,1.0,357.0,432.0,286.0,13.0,,9.0,CHIC CASTRES MAZAMET SITE AUTAN,14,1,355,PUB2,81,2023
810000562,1.0,153.0,184.0,84.0,9.0,,3.0,CH LAVAUR SITE GUIRAUD,13,1,355,PUB2,81,2023
820000032,1.0,296.0,263.0,190.0,26.0,13.0,11.0,CH MONTAUBAN,13,1,355,PUB2,82,2023
820000040,1.0,81.0,153.0,60.0,2.0,,1.0,CL CROIX ST MICHEL DR BOYE MONTAUBAN,95,2,365,PLU4,82,2023
820000057,1.0,63.0,46.0,61.0,0.0,0.0,0.0,CL PONT DE CHAUME MONTAUBAN,73,2,365,PLU4,82,2023
830000279,1.0,112.0,125.0,70.0,1.0,,1.0,CH JEAN MARCEL DE BRIGNOLES,14,1,355,PUB2,83,2023
830000287,1.0,430.0,403.0,334.0,9.0,0.0,11.0,CH LA DRACENIE DE DRAGUIGNAN,13,1,355,PUB2,83,2023
830000295,1.0,154.0,161.0,90.0,11.0,,2.0,CH DE HYERES MARIE JOSEE TREFFOT,13,1,355,PUB2,83,2023
830000311,1.0,367.0,414.0,261.0,25.0,,7.0,CHI DE FREJUS SAINT RAPHAEL,14,1,355,PUB2,83,2023
830000337,1.0,99.0,105.0,73.0,3.0,,4.0,CENTRE HOSPITALIER DE SAINT TROPEZ,13,1,355,PUB2,83,2023
830000345,1.0,554.0,561.0,193.0,113.0,,44.0,CHITS CH SAINTE MUSSE,14,1,355,PUB2,83,2023
830100251,1.0,6.0,5.0,6.0,0.0,,0.0,CLINIQUE DU CAP D'OR,95,2,365,PLU4,83,2023
830100434,1.0,325.0,487.0,222.0,1.0,,7.0,HOPITAL PRIVE TOULON HYERES SAINT JEAN,73,2,365,PLU4,83,2023
830100459,1.0,0.0,1.0,0.0,0.0,,0.0,CLINIQUE SAINT MICHEL,73,2,365,PLU4,83,2023
830100608,1.0,334.0,257.0,334.0,0.0,,0.0,CHITS CH GEORGE SAND,14,1,355,PUB2,83,2023
840000285,1.0,138.0,126.0,104.0,2.0,,2.0,POLYCLINIQUE URBAIN V,73,2,365,PLU4,84,2023
840000343,1.0,29.0,37.0,29.0,0.0,,0.0,CENTRE HOSPITALIER DU PAYS D'APT,13,1,355,PUB2,84,2023
840000392,1.0,340.0,323.0,252.0,20.0,7.0,11.0,CENTRE HOSPITALIER DE CARPENTRAS,13,1,355,PUB2,84,2023
840000418,1.0,279.0,259.0,255.0,2.0,0.0,0.0,CHI DE CAVAILLON LAURIS,14,1,355,PUB2,84,2023
840000483,1.0,237.0,290.0,215.0,2.0,,1.0,CH LOUIS GIORGI D'ORANGE,13,1,355,PUB2,84,2023
840000491,1.0,369.0,450.0,276.0,18.0,,2.0,CHI SITE DE PERTUIS,14,1,355,PUB2,84,2023
840000525,1.0,2.0,4.0,2.0,0.0,,0.0,CH VAISON LA ROMAINE,13,1,355,PUB2,84,2023
840000533,1.0,9.0,26.0,9.0,0.0,0.0,0.0,CH JULES NIEL DE VALREAS,13,1,355,PUB2,84,2023
840001861,1.0,819.0,836.0,565.0,36.0,,37.0,CH D'AVIGNON HENRI DUFFAUT,13,1,355,PUB2,84,2023
840018337,1.0,4.0,,0.0,0.0,,0.0,CH D'AVIGNON CHIRURGIE SITE APT,13,1,355,PUB2,84,2023
850000118,1.0,2.0,2.0,0.0,0.0,,2.0,CLINIQUE SAINT CHARLES,73,2,365,PLU4,85,2023
850000142,1.0,512.0,580.0,338.0,39.0,3.0,26.0,CHD SITE LA ROCHE SUR YON,11,1,355,PUB2,85,2023
850000175,1.0,212.0,219.0,113.0,16.0,,1.0,CH LVO - SITE DE CHALLANS,14,1,355,PUB2,85,2023
850000209,1.0,30.0,22.0,30.0,0.0,0.0,0.0,CHD-SITE DE LUCON,11,1,355,PUB2,85,2023
850000225,1.0,20.0,15.0,20.0,0.0,0.0,0.0,CHD - SITE DE MONTAIGU,11,1,355,PUB2,85,2023
850000241,1.0,164.0,150.0,124.0,5.0,,5.0,CENTRE HOSPITALIER COTE DE LUMIÈRE,13,1,355,PUB2,85,2023
850009630,1.0,130.0,138.0,120.0,2.0,,0.0,CH FONTENAY SITE POLE SANTE SUD VENDEE,13,1,355,PUB2,85,2023
860000025,1.0,143.0,187.0,76.0,17.0,,2.0,CHU DE POITIERS - SITE CHATELLERAULT,15,1,101,PUB1,86,2023
860000223,1.0,541.0,635.0,395.0,14.0,7.0,56.0,CHU LA MILETRIE,15,1,101,PUB1,86,2023
860780568,1.0,65.0,107.0,63.0,,,3.0,CLINIQUE DU FIEF DE GRIMOIRE,73,2,365,PLU4,86,2023
870000098,1.0,105.0,134.0,80.0,4.0,,0.0,CENTRE HOSPITALIER SAINT JUNIEN,13,1,355,PUB2,87,2023
870000411,1.0,55.0,47.0,48.0,1.0,,2.0,CLINIQUE EMAILLEURS-COLOMBIER LIMOGES,75,2,365,PLU4,87,2023
870014859,1.0,1054.0,1006.0,719.0,35.0,0.0,44.0,HOPITAL DE LA MERE ET DE L'ENFANT,13,1,101,PUB1,87,2023
880000021,1.0,273.0,184.0,211.0,11.0,6.0,0.0,CHI E.DURKHEIM - PLATEAU DE LA JUSTICE,14,1,355,PUB2,88,2023
880000047,1.0,236.0,233.0,193.0,6.0,,0.0,CHI HMV - SITE SAINT DIE DES VOSGES,14,1,355,PUB2,88,2023
880000054,1.0,90.0,99.0,65.0,4.0,,1.0,CHI L'OUEST VOSGIEN SITE NEUFCHATEAU,14,1,355,PUB2,88,2023
880000062,1.0,149.0,187.0,145.0,5.0,,1.0,CENTRE HOSPITALIER DE REMIREMONT,13,1,355,PUB2,88,2023
890975527,1.0,422.0,353.0,238.0,42.0,,18.0,CH AUXERRE,13,1,355,PUB2,89,2023
890975535,1.0,23.0,38.0,23.0,0.0,,0.0,CH AVALLON,13,1,355,PUB2,89,2023
890975543,1.0,78.0,94.0,78.0,0.0,,0.0,CH JOIGNY,13,1,355,PUB2,89,2023
890975550,1.0,355.0,359.0,258.0,9.0,3.0,4.0,CH SENS,13,1,355,PUB2,89,2023
900003039,1.0,750.0,756.0,553.0,48.0,14.0,18.0,HNFC SITE TREVENANS,14,1,355,PUB2,90,2023
910000272,1.0,105.0,123.0,61.0,5.0,,4.0,CH D ARPAJON,13,1,355,PUB2,91,2023
910000280,1.0,0.0,,0.0,0.0,,0.0,CH DOURDAN ETAMPES SITE DOURDAN,14,1,355,PUB2,91,2023
910000298,1.0,1820.0,1630.0,1415.0,116.0,,10.0,CENTRE HOSPITALIER DE LONGJUMEAU,13,1,355,PUB2,91,2023
910000306,1.0,91.0,95.0,54.0,9.0,,5.0,CH D ORSAY,13,1,355,PUB2,91,2023
910001973,1.0,137.0,164.0,84.0,4.0,,0.0,CH DOURDAN ETAMPES SITE ETAMPES,14,1,355,PUB2,91,2023
910020254,1.0,979.0,992.0,387.0,85.0,38.0,56.0,CH SUD FRANCILIEN SITE JEAN JAURES,14,1,355,PUB2,91,2023
910300144,1.0,315.0,356.0,292.0,3.0,0.0,1.0,CMCO D EVRY,95,2,365,PLU4,91,2023
910300177,1.0,54.0,36.0,48.0,2.0,,0.0,CLINIQUE DE L YVETTE,73,2,365,PLU4,91,2023
910300219,1.0,2.0,1.0,0.0,0.0,,0.0,HOPITAL PRIVE JACQUES CARTIER,73,2,365,PLU4,91,2023
910300359,1.0,53.0,83.0,46.0,0.0,,0.0,HOPITAL PRIVE D ATHIS MONS,73,2,365,PLU4,91,2023
910803543,1.0,95.0,97.0,40.0,1.0,,0.0,HOPITAL PRIVE CLAUDE GALIEN,95,2,365,PLU4,91,2023
910805357,1.0,87.0,73.0,55.0,10.0,0.0,0.0,CLINIQUE DE L ESSONNE,95,2,365,PLU4,91,2023
920000577,1.0,190.0,236.0,123.0,3.0,,0.0,CH DE NANTERRE,11,1,355,PUB2,92,2023
920000585,1.0,180.0,131.0,129.0,5.0,,17.0,CH RIVES DE SEINE SITE NEUILLY S/SEINE,14,1,355,PUB2,92,2023
920000619,1.0,348.0,331.0,220.0,33.0,,13.0,CH DES QUATRE VILLES SITE ST CLOUD,14,1,355,PUB2,92,2023
920000643,1.0,148.0,46.0,94.0,5.0,,9.0,INSTITUT FRANCO BRITANNIQUE KLEBER,63,3,365,PNL4,92,2023
920100021,1.0,938.0,919.0,365.0,74.0,41.0,145.0,HU PARIS SUD SITE ANTOINE BECLERE APHP,15,1,101,PUB1,92,2023
920100039,1.0,387.0,338.0,256.0,33.0,3.0,9.0,HU PARIS NORD SITE BEAUJON APHP,15,1,101,PUB1,92,2023
920100047,1.0,913.0,936.0,223.0,43.0,11.0,57.0,HU PARIS NORD SITE LOUIS MOURIER APHP,15,1,101,PUB1,92,2023
920100062,1.0,549.0,643.0,284.0,9.0,,0.0,HU PARIS OUEST SITE CELTON APHP,15,1,101,PUB1,92,2023
920300043,1.0,176.0,128.0,138.0,1.0,,5.0,HOPITAL PRIVE D ANTONY,72,2,365,PLU4,92,2023
920300415,1.0,14.0,7.0,0.0,0.0,,1.0,CLINIQUE LAMBERT,95,2,365,PLU4,92,2023
920300597,1.0,6.0,13.0,0.0,0.0,,0.0,CLINIQUE DE MEUDON LA FORET,73,2,365,PLU4,92,2023
930000286,1.0,811.0,837.0,407.0,52.0,,23.0,GHI LE RAINCY MONTFERMEIL,14,1,355,PUB2,93,2023
930000302,1.0,1117.0,1003.0,755.0,57.0,,33.0,CHI ANDRE GREGOIRE,14,1,355,PUB2,93,2023
930000328,1.0,1243.0,1122.0,523.0,100.0,,29.0,CH GENERAL DELAFONTAINE,13,1,355,PUB2,93,2023
930000336,1.0,667.0,649.0,457.0,60.0,,11.0,CHI ROBERT BALLANGER,14,1,355,PUB2,93,2023
930100037,1.0,813.0,728.0,470.0,47.0,1.0,0.0,HU PARIS SITE AVICENNE APHP,15,1,101,PUB1,93,2023
930100045,1.0,679.0,775.0,432.0,31.0,1.0,28.0,HU PARIS SITE JEAN VERDIER APHP,15,1,101,PUB1,93,2023
930150032,1.0,652.0,653.0,282.0,49.0,,1.0,MATERNITE DES LILAS,60,3,365,PNL4,93,2023
930300025,1.0,0.0,0.0,0.0,0.0,,0.0,HOPITAL EUROPEEN LA ROSERAIE,95,2,365,PLU4,93,2023
930300116,1.0,143.0,153.0,114.0,5.0,,7.0,HOPITAL PRIVE DE LA SEINE SAINT DENIS,72,2,365,PLU4,93,2023
930300298,1.0,9.0,34.0,0.0,0.0,,0.0,POLYCLINIQUE VAUBAN SANTE,95,2,365,PLU4,93,2023
930300553,1.0,53.0,81.0,4.0,2.0,,2.0,CLINIQUE DE L ESTREE,73,2,365,PLU4,93,2023
940000573,1.0,713.0,555.0,514.0,57.0,,129.0,CHI DE CRETEIL,14,1,355,PUB2,94,2023
940000599,1.0,419.0,477.0,167.0,34.0,,8.0,CHI LUCIE ET RAYMOND AUBRAC,14,1,355,PUB2,94,2023
940006679,1.0,1.0,27.0,0.0,0.0,,1.0,HOPITAL PRIVE DE MARNE LA VALLEE,95,2,365,PLU4,94,2023
940016868,1.0,538.0,585.0,302.0,38.0,,11.0,LES HOPITAUX DE SAINT MAURICE,11,1,355,PUB2,94,2023
940100043,1.0,926.0,968.0,330.0,73.0,21.0,77.0,HU PARIS SUD SITE KREMLIN BICETRE APHP,15,1,101,PUB1,94,2023
940120017,1.0,22.0,11.0,15.0,1.0,,0.0,HIA BEGIN,1,1,114,PUB10,94,2023
940300270,1.0,28.0,69.0,8.0,2.0,,1.0,HOPITAL PRIVE ARMAND BRILLARD,95,2,365,PLU4,94,2023
940300379,1.0,8.0,25.0,0.0,1.0,,2.0,CLINIQUE GASTON METIVET,73,2,365,PLU4,94,2023
940300551,1.0,2.0,48.0,0.0,0.0,,0.0,HOPITAL PRIVE DE VITRY SITE NORIETS,95,2,365,PLU4,94,2023
940300569,1.0,105.0,,0.0,15.0,,0.0,HOPITAL PRIVE DE VITRY SITE PASTEUR,95,2,365,PLU4,94,2023
950000307,1.0,504.0,532.0,398.0,37.0,,35.0,CH VICTOR DUPOUY,13,1,355,PUB2,95,2023
950000315,1.0,230.0,254.0,167.0,5.0,,1.0,HOPITAL NOVO SITE BEAUMONT SUR OISE,13,1,355,PUB2,95,2023
950000323,1.0,708.0,757.0,454.0,56.0,6.0,54.0,GHEM SIMONE VEIL SITE EAUBONNE,14,1,355,PUB2,95,2023
950000331,1.0,642.0,550.0,466.0,46.0,12.0,20.0,CH GENERAL DE GONESSE,13,1,355,PUB2,95,2023
950000364,1.0,1039.0,1090.0,678.0,67.0,,75.0,CH NOVO SITE RENE DUBOS,13,1,355,PUB2,95,2023
950300202,1.0,28.0,29.0,5.0,3.0,,3.0,CLINIQUE CONTI,73,2,365,PLU4,95,2023
950300277,1.0,331.0,413.0,275.0,8.0,,0.0,HOPITAL PRIVE NORD PARISIEN,73,2,365,PLU4,95,2023
950807982,1.0,15.0,11.0,0.0,1.0,5.0,1.0,CLINIQUE CLAUDE BERNARD,95,2,365,PLU4,95,2023
970100392,1.0,304.0,360.0,235.0,22.0,,1.0,CENTRE HOSPITALIER DE LA BASSE -TERRE,14,1,355,PUB2,9A,2023
970100400,1.0,144.0,133.0,75.0,16.0,0.0,3.0,C.H. LOUIS CONSTANT FLEMING,13,1,355,PUB2,9A,2023
970100426,1.0,32.0,45.0,32.0,0.0,,0.0,C.H. STE MARIE,11,1,355,PUB2,9A,2023
970100442,1.0,796.0,920.0,441.0,147.0,1.0,28.0,C.H.U. DE POINTE-A-PITRE/ABYMES,11,1,101,PUB1,9A,2023
970107249,1.0,42.0,56.0,29.0,0.0,,1.0,CLINIQUE LES EAUX CLAIRES,72,2,365,PLU4,9A,2023
970211223,1.0,181.0,192.0,162.0,9.0,,0.0,CHU DE MARTINIQUE SITE DE TRINITE,15,1,101,PUB1,9B,2023
970211256,1.0,1143.0,1129.0,708.0,120.0,,25.0,CHU DE MARTINIQUE SITE MERE ENFANT,15,1,101,PUB1,9B,2023
970300026,1.0,406.0,599.0,176.0,74.0,,22.0,CENTRE HOSPITALIER DE CAYENNE,11,1,355,PUB2,9C,2023
970300083,1.0,169.0,182.0,123.0,46.0,,20.0,CENTRE HOSPITALIER  FRANCK-JOLY,14,1,355,PUB2,9C,2023
970302055,1.0,24.0,49.0,0.0,0.0,0.0,0.0,HOPITAL PRIVE SAINT-GABRIEL,95,2,365,PLU4,9C,2023
970305637,1.0,184.0,242.0,144.0,27.0,0.0,13.0,CENTRE HOSPITALIER INTERCOM DE KOUROU,14,1,355,PUB2,9C,2023
970400024,1.0,414.0,385.0,332.0,72.0,13.0,76.0,CHU SITE FELIX GUYON (SAINT DENIS),15,1,101,PUB1,9D,2023
970400057,1.0,671.0,629.0,432.0,72.0,17.0,53.0,CHU SITE SUD (SAINT PIERRE),15,1,101,PUB1,9D,2023
970400065,1.0,526.0,530.0,237.0,69.0,17.0,12.0,CH OUEST REUNION,13,1,355,PUB2,9D,2023
970400073,1.0,280.0,239.0,196.0,32.0,,0.0,GHER (SAINT-BENOIT),14,1,355,PUB2,9D,2023
970404844,1.0,1.0,93.0,0.0,0.0,,0.0,CLINIQUE SAINT VINCENT,95,2,365,PLU4,9D,2023
970462081,1.0,157.0,,99.0,10.0,,1.0,CLINIQUE LES ORCHIDEES,95,2,365,PLU4,9D,2023
970462107,1.0,269.0,264.0,254.0,4.0,,0.0,CLINIQUE STE-CLOTILDE,95,2,365,PLU4,9D,2023
980500011,1.0,1066.0,1327.0,808.0,91.0,,21.0,CHM,10,1,355,PUB2,9F,2023
